"April 5, 2016",12:05 AM,66.0 F,62.1 F,87 %,SE,4.5 mph,4.5 mph,30.17 in,0.00 in,0.00 in,0,0 w/m\xc2\xb2 
"April 5, 2016",12:10 AM,65.8 F,61.9 F,87 %,SW,4.5 mph,4.5 mph,30.17 in,0.00 in,0.00 in,0,0 w/m\xc2\xb2 
"April 5, 2016",12:16 AM,65.7 F,62.1 F,88 %,South,6.9 mph,6.9 mph,30.16 in,0.00 in,0.00 in,0,0 w/m\xc2\xb2 
"April 5, 2016",12:22 AM,65.5 F,61.5 F,87 %,SE,2.2 mph,2.2 mph,30.16 in,0.00 in,0.00 in,0,0 w/m\xc2\xb2 
"April 5, 2016",12:34 AM,65.3 F,60.3 F,84 %,West,7.6 mph,7.6 mph,30.16 in,0.00 in,0.00 in,0,0 w/m\xc2\xb2 
"April 5, 2016",12:40 AM,65.1 F,59.5 F,82 %,SE,4.5 mph,5.4 mph,30.17 in,0.00 in,0.00 in,0,0 w/m\xc2\xb2 
"April 5, 2016",12:46 AM,65.1 F,59.2 F,81 %,North,5.4 mph,7.6 mph,30.17 in,0.00 in,0.00 in,0,0 w/m\xc2\xb2 
"April 5, 2016",12:52 AM,64.9 F,58.6 F,80 %,SW,4.5 mph,5.4 mph,30.18 in,0.00 in,0.00 in,0,0 w/m\xc2\xb2 
"April 5, 2016",1:03 AM,64.6 F,57.9 F,79 %,SSE,3.8 mph,5.4 mph,30.19 in,0.00 in,0.00 in,0,0 w/m\xc2\xb2 
"April 5, 2016",1:09 AM,64.6 F,57.9 F,79 %,South,2.2 mph,5.4 mph,30.19 in,0.00 in,0.00 in,0,0 w/m\xc2\xb2 
"April 5, 2016",1:15 AM,64.6 F,57.6 F,78 %,South,7.6 mph,7.6 mph,30.19 in,0.00 in,0.00 in,0,0 w/m\xc2\xb2 
"April 5, 2016",1:21 AM,64.6 F,57.2 F,77 %,SE,4.5 mph,6.0 mph,30.19 in,0.00 in,0.00 in,0,0 w/m\xc2\xb2 
"April 5, 2016",1:27 AM,64.6 F,57.2 F,77 %,South,3.1 mph,3.8 mph,30.19 in,0.00 in,0.00 in,0,0 w/m\xc2\xb2 
"April 5, 2016",1:33 AM,64.6 F,56.8 F,76 %,West,3.8 mph,3.8 mph,30.19 in,0.00 in,0.00 in,0,0 w/m\xc2\xb2 
"April 5, 2016",1:38 AM,64.6 F,56.8 F,76 %,SE,4.5 mph,4.5 mph,30.19 in,0.00 in,0.00 in,0,0 w/m\xc2\xb2 
"April 5, 2016",1:44 AM,64.6 F,56.8 F,76 %,North,3.8 mph,3.8 mph,30.19 in,0.00 in,0.00 in,0,0 w/m\xc2\xb2 
"April 5, 2016",1:50 AM,64.6 F,57.2 F,77 %,East,1.6 mph,5.4 mph,30.20 in,0.00 in,0.00 in,0,0 w/m\xc2\xb2 
"April 5, 2016",1:56 AM,64.8 F,57.4 F,77 %,South,4.5 mph,4.5 mph,30.20 in,0.00 in,0.00 in,0,0 w/m\xc2\xb2 
"April 5, 2016",2:02 AM,64.6 F,56.8 F,76 %,SE,2.2 mph,3.1 mph,30.20 in,0.00 in,0.00 in,0,0 w/m\xc2\xb2 
"April 5, 2016",2:08 AM,64.6 F,56.5 F,75 %,NE,5.4 mph,5.4 mph,30.21 in,0.00 in,0.00 in,0,0 w/m\xc2\xb2 
"April 5, 2016",2:14 AM,64.4 F,54.9 F,71 %,East,6.0 mph,12.1 mph,30.21 in,0.00 in,0.00 in,0,0 w/m\xc2\xb2 
"April 5, 2016",2:20 AM,64.0 F,53.6 F,69 %,North,3.8 mph,7.6 mph,30.21 in,0.00 in,0.00 in,0,0 w/m\xc2\xb2 
"April 5, 2016",2:25 AM,63.9 F,53.1 F,68 %,SW,4.5 mph,6.0 mph,30.21 in,0.00 in,0.00 in,0,0 w/m\xc2\xb2 
"April 5, 2016",2:31 AM,63.7 F,52.9 F,68 %,East,5.4 mph,5.4 mph,30.22 in,0.00 in,0.00 in,0,0 w/m\xc2\xb2 
"April 5, 2016",2:37 AM,63.7 F,52.2 F,66 %,SE,6.9 mph,6.9 mph,30.22 in,0.00 in,0.00 in,0,0 w/m\xc2\xb2 
"April 5, 2016",2:43 AM,63.3 F,51.4 F,65 %,East,3.8 mph,6.0 mph,30.22 in,0.00 in,0.00 in,0,0 w/m\xc2\xb2 
"April 5, 2016",2:49 AM,63.1 F,50.7 F,64 %,South,2.2 mph,5.4 mph,30.22 in,0.00 in,0.00 in,0,0 w/m\xc2\xb2 
"April 5, 2016",2:55 AM,63.1 F,50.4 F,63 %,SE,3.1 mph,8.3 mph,30.22 in,0.00 in,0.00 in,0,0 w/m\xc2\xb2 
"April 5, 2016",3:01 AM,63.1 F,49.8 F,62 %,South,3.8 mph,6.9 mph,30.22 in,0.00 in,0.00 in,0,0 w/m\xc2\xb2 
"April 5, 2016",3:07 AM,63.0 F,49.8 F,62 %,SW,5.4 mph,5.4 mph,30.22 in,0.00 in,0.00 in,0,0 w/m\xc2\xb2 
"April 5, 2016",3:12 AM,62.8 F,49.1 F,61 %,East,4.5 mph,9.2 mph,30.22 in,0.00 in,0.00 in,0,0 w/m\xc2\xb2 
"April 5, 2016",3:18 AM,62.4 F,49.3 F,62 %,SW,3.1 mph,12.1 mph,30.22 in,0.00 in,0.00 in,0,0 w/m\xc2\xb2 
"April 5, 2016",3:24 AM,62.2 F,49.1 F,62 %,NW,3.1 mph,3.1 mph,30.23 in,0.00 in,0.00 in,0,0 w/m\xc2\xb2 
"April 5, 2016",3:30 AM,62.1 F,48.4 F,61 %,South,3.1 mph,7.6 mph,30.23 in,0.00 in,0.00 in,0,0 w/m\xc2\xb2 
"April 5, 2016",3:36 AM,61.7 F,48.6 F,62 %,SE,2.2 mph,3.8 mph,30.23 in,0.00 in,0.00 in,0,0 w/m\xc2\xb2 
"April 5, 2016",3:42 AM,61.7 F,48.6 F,62 %,NE,3.8 mph,4.5 mph,30.23 in,0.00 in,0.00 in,0,0 w/m\xc2\xb2 
"April 5, 2016",3:48 AM,61.7 F,48.6 F,62 %,NE,3.8 mph,4.5 mph,30.24 in,0.00 in,0.00 in,2,1175 w/m\xc2\xb2 
"April 5, 2016",3:54 AM,61.5 F,48.4 F,62 %,SW,4.5 mph,4.5 mph,30.24 in,0.00 in,0.00 in,0,0 w/m\xc2\xb2 
"April 5, 2016",3:59 AM,61.3 F,48.6 F,63 %,SW,3.8 mph,6.9 mph,30.24 in,0.00 in,0.00 in,0,0 w/m\xc2\xb2 
"April 5, 2016",4:05 AM,61.2 F,48.4 F,63 %,NW,3.8 mph,5.4 mph,30.24 in,0.00 in,0.00 in,0,0 w/m\xc2\xb2 
"April 5, 2016",4:17 AM,60.6 F,48.7 F,65 %,SW,6.9 mph,6.9 mph,30.24 in,0.00 in,0.00 in,0,0 w/m\xc2\xb2 
"April 5, 2016",4:23 AM,59.9 F,48.0 F,65 %,South,3.8 mph,5.4 mph,30.25 in,0.00 in,0.00 in,0,0 w/m\xc2\xb2 
"April 5, 2016",4:41 AM,59.4 F,48.0 F,66 %,South,2.2 mph,2.2 mph,30.25 in,0.00 in,0.00 in,0,0 w/m\xc2\xb2 
"April 5, 2016",4:46 AM,59.2 F,47.8 F,66 %,NE,3.1 mph,6.9 mph,30.25 in,0.00 in,0.00 in,0,0 w/m\xc2\xb2 
"April 5, 2016",4:52 AM,59.2 F,47.8 F,66 %,South,5.4 mph,5.4 mph,30.25 in,0.00 in,0.00 in,0,0 w/m\xc2\xb2 
"April 5, 2016",4:58 AM,59.0 F,47.3 F,65 %,SE,3.1 mph,4.5 mph,30.25 in,0.00 in,0.00 in,0,0 w/m\xc2\xb2 
"April 5, 2016",5:04 AM,58.8 F,47.8 F,67 %,SW,3.8 mph,3.8 mph,30.25 in,0.00 in,0.00 in,0,0 w/m\xc2\xb2 
"April 5, 2016",5:10 AM,58.6 F,47.7 F,67 %,SSE,1.6 mph,3.1 mph,30.25 in,0.00 in,0.00 in,0,0 w/m\xc2\xb2 
"April 5, 2016",5:16 AM,58.3 F,47.3 F,67 %,SW,1.6 mph,2.2 mph,30.26 in,0.00 in,0.00 in,0,0 w/m\xc2\xb2 
"April 5, 2016",5:22 AM,58.3 F,47.3 F,67 %,South,0.7 mph,3.8 mph,30.26 in,0.00 in,0.00 in,0,0 w/m\xc2\xb2 
"April 5, 2016",5:28 AM,57.9 F,47.5 F,68 %,SW,3.1 mph,3.1 mph,30.27 in,0.00 in,0.00 in,0,0 w/m\xc2\xb2 
"April 5, 2016",5:33 AM,57.7 F,47.3 F,68 %,South,2.2 mph,2.2 mph,30.27 in,0.00 in,0.00 in,0,0 w/m\xc2\xb2 
"April 5, 2016",5:39 AM,57.4 F,47.3 F,69 %,East,0.7 mph,1.6 mph,30.27 in,0.00 in,0.00 in,0,0 w/m\xc2\xb2 
"April 5, 2016",5:45 AM,57.0 F,47.7 F,71 %,SE,2.2 mph,2.2 mph,30.27 in,0.00 in,0.00 in,0,0 w/m\xc2\xb2 
"April 5, 2016",5:51 AM,56.8 F,47.5 F,71 %,NE,2.2 mph,2.2 mph,30.27 in,0.00 in,0.00 in,0,0 w/m\xc2\xb2 
"April 5, 2016",5:57 AM,56.7 F,47.7 F,72 %,SW,3.8 mph,3.8 mph,30.28 in,0.00 in,0.00 in,0,0 w/m\xc2\xb2 
"April 5, 2016",6:03 AM,56.7 F,47.7 F,72 %,SW,3.1 mph,3.1 mph,30.28 in,0.00 in,0.00 in,0,0 w/m\xc2\xb2 
"April 5, 2016",6:15 AM,56.1 F,47.7 F,73 %,SW,2.2 mph,2.2 mph,30.28 in,0.00 in,0.00 in,0,0 w/m\xc2\xb2 
"April 5, 2016",6:20 AM,55.8 F,47.3 F,73 %,SW,1.6 mph,2.2 mph,30.28 in,0.00 in,0.00 in,0,0 w/m\xc2\xb2 
"April 5, 2016",6:26 AM,55.8 F,47.3 F,73 %,West,0.7 mph,1.6 mph,30.29 in,0.00 in,0.00 in,0,0 w/m\xc2\xb2 
"April 5, 2016",6:32 AM,55.6 F,47.1 F,73 %,SW,0.0 mph,0.7 mph,30.29 in,0.00 in,0.00 in,0,0 w/m\xc2\xb2 
"April 5, 2016",6:38 AM,55.2 F,47.1 F,74 %,NE,0.7 mph,0.7 mph,30.29 in,0.00 in,0.00 in,0,3 w/m\xc2\xb2 
"April 5, 2016",6:44 AM,55.2 F,47.5 F,75 %,SW,0.7 mph,0.7 mph,30.29 in,0.00 in,0.00 in,0,5 w/m\xc2\xb2 
"April 5, 2016",6:50 AM,55.2 F,47.5 F,75 %,SW,0.0 mph,0.7 mph,30.30 in,0.00 in,0.00 in,1,8 w/m\xc2\xb2 
"April 5, 2016",6:56 AM,55.2 F,47.8 F,76 %,NW,0.7 mph,2.2 mph,30.30 in,0.00 in,0.00 in,1,14 w/m\xc2\xb2 
"April 5, 2016",7:02 AM,55.6 F,47.8 F,75 %,SE,1.6 mph,3.8 mph,30.31 in,0.00 in,0.00 in,1,17 w/m\xc2\xb2 
"April 5, 2016",7:07 AM,55.8 F,48.0 F,75 %,SW,1.6 mph,3.1 mph,30.30 in,0.00 in,0.00 in,1,21 w/m\xc2\xb2 
"April 5, 2016",7:13 AM,56.3 F,48.2 F,74 %,South,1.6 mph,1.6 mph,30.31 in,0.00 in,0.00 in,1,23 w/m\xc2\xb2 
"April 5, 2016",7:19 AM,56.8 F,48.6 F,74 %,NW,2.2 mph,2.2 mph,30.31 in,0.00 in,0.00 in,1,26 w/m\xc2\xb2 
"April 5, 2016",7:25 AM,57.2 F,47.8 F,71 %,SE,2.2 mph,3.8 mph,30.31 in,0.00 in,0.00 in,1,26 w/m\xc2\xb2 
"April 5, 2016",7:31 AM,57.6 F,48.2 F,71 %,SE,3.1 mph,3.1 mph,30.32 in,0.00 in,0.00 in,1,23 w/m\xc2\xb2 
"April 5, 2016",7:37 AM,57.6 F,48.2 F,71 %,NE,3.8 mph,3.8 mph,30.32 in,0.00 in,0.00 in,1,31 w/m\xc2\xb2 
"April 5, 2016",7:43 AM,57.7 F,48.4 F,71 %,SW,3.1 mph,4.5 mph,30.33 in,0.00 in,0.00 in,1,56 w/m\xc2\xb2 
"April 5, 2016",7:49 AM,59.2 F,48.6 F,68 %,SW,1.6 mph,3.8 mph,30.32 in,0.00 in,0.00 in,2,96 w/m\xc2\xb2 
"April 5, 2016",7:54 AM,60.4 F,48.6 F,65 %,North,3.8 mph,4.5 mph,30.33 in,0.00 in,0.00 in,2,108 w/m\xc2\xb2 
"April 5, 2016",8:00 AM,61.2 F,48.0 F,62 %,NW,1.6 mph,3.8 mph,30.33 in,0.00 in,0.00 in,2,119 w/m\xc2\xb2 
"April 5, 2016",8:06 AM,63.0 F,48.4 F,59 %,South,6.0 mph,6.0 mph,30.33 in,0.00 in,0.00 in,2,131 w/m\xc2\xb2 
"April 5, 2016",8:12 AM,64.0 F,49.5 F,59 %,SE,2.2 mph,2.2 mph,30.33 in,0.00 in,0.00 in,2,145 w/m\xc2\xb2 
"April 5, 2016",8:18 AM,64.4 F,48.4 F,56 %,North,6.0 mph,6.0 mph,30.33 in,0.00 in,0.00 in,3,156 w/m\xc2\xb2 
"April 5, 2016",8:24 AM,64.9 F,49.3 F,57 %,SE,2.2 mph,3.8 mph,30.33 in,0.00 in,0.00 in,3,167 w/m\xc2\xb2 
"April 5, 2016",8:30 AM,65.1 F,48.6 F,55 %,South,7.6 mph,7.6 mph,30.34 in,0.00 in,0.00 in,3,178 w/m\xc2\xb2 
"April 5, 2016",8:35 AM,65.8 F,49.3 F,55 %,SW,8.3 mph,8.3 mph,30.34 in,0.00 in,0.00 in,3,188 w/m\xc2\xb2 
"April 5, 2016",8:47 AM,65.8 F,49.3 F,55 %,South,3.1 mph,3.1 mph,30.34 in,0.00 in,0.00 in,4,210 w/m\xc2\xb2 
"April 5, 2016",8:59 AM,66.4 F,48.2 F,52 %,SW,5.4 mph,9.8 mph,30.34 in,0.00 in,0.00 in,4,230 w/m\xc2\xb2 
"April 5, 2016",9:05 AM,67.1 F,48.9 F,52 %,West,13.6 mph,13.6 mph,30.34 in,0.00 in,0.00 in,4,243 w/m\xc2\xb2 
"April 5, 2016",9:11 AM,66.9 F,48.2 F,51 %,SE,4.5 mph,6.0 mph,30.34 in,0.00 in,0.00 in,4,254 w/m\xc2\xb2 
"April 5, 2016",9:28 AM,67.1 F,48.4 F,51 %,South,5.4 mph,5.4 mph,30.34 in,0.00 in,0.00 in,5,289 w/m\xc2\xb2 
"April 5, 2016",9:34 AM,68.0 F,48.7 F,50 %,South,4.5 mph,4.5 mph,30.34 in,0.00 in,0.00 in,5,336 w/m\xc2\xb2 
"April 5, 2016",9:40 AM,67.8 F,48.6 F,50 %,East,2.2 mph,5.4 mph,30.34 in,0.00 in,0.00 in,4,247 w/m\xc2\xb2 
"April 5, 2016",9:46 AM,67.6 F,48.9 F,51 %,SE,6.9 mph,6.9 mph,30.34 in,0.00 in,0.00 in,4,140 w/m\xc2\xb2 
"April 5, 2016",9:52 AM,68.2 F,46.6 F,46 %,South,6.0 mph,6.0 mph,30.34 in,0.00 in,0.00 in,7,414 w/m\xc2\xb2 
"April 5, 2016",9:58 AM,70.2 F,46.6 F,43 %,South,7.6 mph,7.6 mph,30.35 in,0.00 in,0.00 in,4,179 w/m\xc2\xb2 
"April 5, 2016",10:04 AM,70.9 F,46.0 F,41 %,NW,3.1 mph,4.5 mph,30.34 in,0.00 in,0.00 in,3,128 w/m\xc2\xb2 
"April 5, 2016",10:09 AM,68.9 F,44.8 F,42 %,South,5.4 mph,8.3 mph,30.34 in,0.00 in,0.00 in,4,147 w/m\xc2\xb2 
"April 5, 2016",10:15 AM,68.0 F,45.9 F,45 %,SW,5.4 mph,6.9 mph,30.34 in,0.00 in,0.00 in,5,192 w/m\xc2\xb2 
"April 5, 2016",10:27 AM,68.9 F,46.0 F,44 %,East,6.0 mph,6.0 mph,30.35 in,0.00 in,0.00 in,4,157 w/m\xc2\xb2 
"April 5, 2016",10:33 AM,68.7 F,45.3 F,43 %,East,5.4 mph,5.4 mph,30.35 in,0.00 in,0.00 in,4,152 w/m\xc2\xb2 
"April 5, 2016",10:39 AM,68.9 F,45.5 F,43 %,SE,4.5 mph,6.9 mph,30.35 in,0.00 in,0.00 in,4,157 w/m\xc2\xb2 
"April 5, 2016",10:45 AM,68.2 F,44.8 F,43 %,SW,8.3 mph,8.3 mph,30.35 in,0.00 in,0.00 in,4,167 w/m\xc2\xb2 
"April 5, 2016",10:51 AM,68.2 F,44.8 F,43 %,East,4.5 mph,9.8 mph,30.35 in,0.00 in,0.00 in,5,187 w/m\xc2\xb2 
"April 5, 2016",10:56 AM,68.2 F,44.2 F,42 %,South,6.9 mph,9.2 mph,30.35 in,0.00 in,0.00 in,5,169 w/m\xc2\xb2 
"April 5, 2016",11:02 AM,68.4 F,45.0 F,43 %,SW,6.9 mph,6.9 mph,30.34 in,0.00 in,0.00 in,5,176 w/m\xc2\xb2 
"April 5, 2016",11:08 AM,69.3 F,44.6 F,41 %,NE,3.8 mph,3.8 mph,30.34 in,0.00 in,0.00 in,5,199 w/m\xc2\xb2 
"April 5, 2016",11:14 AM,70.9 F,44.8 F,39 %,North,6.0 mph,9.8 mph,30.34 in,0.00 in,0.00 in,10,478 w/m\xc2\xb2 
"April 5, 2016",11:20 AM,71.8 F,42.6 F,35 %,East,13.6 mph,13.6 mph,30.34 in,0.00 in,0.00 in,10,524 w/m\xc2\xb2 
"April 5, 2016",11:26 AM,71.4 F,42.3 F,35 %,SE,4.5 mph,7.6 mph,30.34 in,0.00 in,0.00 in,6,229 w/m\xc2\xb2 
"April 5, 2016",11:32 AM,70.9 F,43.3 F,37 %,SE,3.8 mph,7.6 mph,30.34 in,0.00 in,0.00 in,6,246 w/m\xc2\xb2 
"April 5, 2016",11:38 AM,70.3 F,42.8 F,37 %,South,6.0 mph,8.3 mph,30.33 in,0.00 in,0.00 in,11,543 w/m\xc2\xb2 
"April 5, 2016",11:43 AM,70.9 F,43.3 F,37 %,NE,3.8 mph,5.4 mph,30.34 in,0.00 in,0.00 in,11,480 w/m\xc2\xb2 
"April 5, 2016",11:55 AM,73.2 F,42.4 F,33 %,East,8.3 mph,8.3 mph,30.33 in,0.00 in,0.00 in,10,456 w/m\xc2\xb2 
"April 5, 2016",12:01 PM,72.7 F,41.2 F,32 %,East,5.4 mph,5.4 mph,30.33 in,0.00 in,0.00 in,10,455 w/m\xc2\xb2 
"April 5, 2016",12:07 PM,73.6 F,41.9 F,32 %,West,6.9 mph,8.3 mph,30.32 in,0.00 in,0.00 in,10,460 w/m\xc2\xb2 
"April 5, 2016",12:13 PM,73.6 F,41.9 F,32 %,NE,5.4 mph,7.6 mph,30.32 in,0.00 in,0.00 in,10,460 w/m\xc2\xb2 
"April 5, 2016",12:19 PM,73.4 F,41.7 F,32 %,South,5.4 mph,12.1 mph,30.32 in,0.00 in,0.00 in,10,460 w/m\xc2\xb2 
"April 5, 2016",12:25 PM,74.8 F,43.0 F,32 %,East,5.4 mph,6.0 mph,30.32 in,0.00 in,0.00 in,10,462 w/m\xc2\xb2 
"April 5, 2016",12:30 PM,75.2 F,42.4 F,31 %,South,3.8 mph,3.8 mph,30.32 in,0.00 in,0.00 in,10,467 w/m\xc2\xb2 
"April 5, 2016",12:36 PM,75.6 F,40.1 F,28 %,South,6.0 mph,6.9 mph,30.32 in,0.00 in,0.00 in,10,464 w/m\xc2\xb2 
"April 5, 2016",12:42 PM,75.4 F,40.1 F,28 %,East,2.2 mph,4.5 mph,30.31 in,0.00 in,0.00 in,10,458 w/m\xc2\xb2 
"April 5, 2016",12:48 PM,75.9 F,40.5 F,28 %,East,6.9 mph,6.9 mph,30.31 in,0.00 in,0.00 in,10,460 w/m\xc2\xb2 
"April 5, 2016",12:54 PM,75.9 F,40.5 F,28 %,NE,2.2 mph,9.8 mph,30.31 in,0.00 in,0.00 in,10,456 w/m\xc2\xb2 
"April 5, 2016",1:00 PM,75.4 F,41.0 F,29 %,North,2.2 mph,9.8 mph,30.30 in,0.00 in,0.00 in,10,456 w/m\xc2\xb2 
"April 5, 2016",1:06 PM,77.5 F,41.0 F,27 %,NE,2.2 mph,3.1 mph,30.30 in,0.00 in,0.00 in,9,454 w/m\xc2\xb2 
"April 5, 2016",1:12 PM,76.8 F,39.4 F,26 %,North,6.9 mph,9.2 mph,30.30 in,0.00 in,0.00 in,9,452 w/m\xc2\xb2 
"April 5, 2016",1:17 PM,75.6 F,38.3 F,26 %,South,5.4 mph,6.0 mph,30.30 in,0.00 in,0.00 in,9,445 w/m\xc2\xb2 
"April 5, 2016",1:29 PM,76.3 F,39.9 F,27 %,South,3.1 mph,6.0 mph,30.29 in,0.00 in,0.00 in,9,436 w/m\xc2\xb2 
"April 5, 2016",1:35 PM,77.4 F,38.8 F,25 %,East,6.0 mph,8.3 mph,30.29 in,0.00 in,0.00 in,9,432 w/m\xc2\xb2 
"April 5, 2016",1:41 PM,77.2 F,38.7 F,25 %,East,6.0 mph,6.0 mph,30.29 in,0.00 in,0.00 in,8,429 w/m\xc2\xb2 
"April 5, 2016",1:47 PM,77.4 F,38.8 F,25 %,West,5.4 mph,7.6 mph,30.29 in,0.00 in,0.00 in,8,423 w/m\xc2\xb2 
"April 5, 2016",2:04 PM,76.8 F,38.3 F,25 %,NE,8.3 mph,12.1 mph,30.29 in,0.00 in,0.00 in,8,401 w/m\xc2\xb2 
"April 5, 2016",2:10 PM,76.8 F,39.4 F,26 %,NW,5.4 mph,8.3 mph,30.29 in,0.00 in,0.00 in,7,392 w/m\xc2\xb2 
"April 5, 2016",2:16 PM,77.5 F,39.0 F,25 %,East,3.1 mph,3.8 mph,30.29 in,0.00 in,0.00 in,7,386 w/m\xc2\xb2 
"April 5, 2016",2:22 PM,77.5 F,36.9 F,23 %,NE,6.0 mph,6.0 mph,30.29 in,0.00 in,0.00 in,7,379 w/m\xc2\xb2 
"April 5, 2016",2:28 PM,76.8 F,36.1 F,23 %,NE,5.4 mph,12.1 mph,30.29 in,0.00 in,0.00 in,6,369 w/m\xc2\xb2 
"April 5, 2016",2:34 PM,76.6 F,38.1 F,25 %,East,4.5 mph,8.3 mph,30.28 in,0.00 in,0.00 in,6,359 w/m\xc2\xb2 
"April 5, 2016",2:40 PM,77.0 F,36.3 F,23 %,North,9.2 mph,9.2 mph,30.29 in,0.00 in,0.00 in,6,349 w/m\xc2\xb2 
"April 5, 2016",2:46 PM,77.0 F,38.5 F,25 %,East,4.5 mph,4.5 mph,30.28 in,0.00 in,0.00 in,6,342 w/m\xc2\xb2 
"April 5, 2016",2:51 PM,78.3 F,37.4 F,23 %,SW,4.5 mph,6.0 mph,30.28 in,0.00 in,0.00 in,5,336 w/m\xc2\xb2 
"April 5, 2016",2:57 PM,79.5 F,37.4 F,22 %,East,4.5 mph,5.4 mph,30.28 in,0.00 in,0.00 in,5,325 w/m\xc2\xb2 
"April 5, 2016",3:03 PM,79.3 F,36.0 F,21 %,SW,3.1 mph,9.2 mph,30.28 in,0.00 in,0.00 in,5,317 w/m\xc2\xb2 
"April 5, 2016",3:09 PM,79.2 F,35.8 F,21 %,East,4.5 mph,4.5 mph,30.28 in,0.00 in,0.00 in,5,306 w/m\xc2\xb2 
"April 5, 2016",3:15 PM,78.4 F,36.5 F,22 %,NW,2.2 mph,5.4 mph,30.28 in,0.00 in,0.00 in,4,294 w/m\xc2\xb2 
"April 5, 2016",3:21 PM,80.1 F,36.7 F,21 %,NE,6.9 mph,9.8 mph,30.28 in,0.00 in,0.00 in,4,285 w/m\xc2\xb2 
"April 5, 2016",3:27 PM,79.7 F,36.3 F,21 %,NE,3.8 mph,5.4 mph,30.29 in,0.00 in,0.00 in,4,273 w/m\xc2\xb2 
"April 5, 2016",3:33 PM,81.1 F,36.3 F,20 %,SSW,3.8 mph,4.5 mph,30.29 in,0.00 in,0.00 in,4,265 w/m\xc2\xb2 
"April 5, 2016",3:38 PM,80.8 F,34.7 F,19 %,SE,2.2 mph,6.0 mph,30.29 in,0.00 in,0.00 in,4,253 w/m\xc2\xb2 
"April 5, 2016",3:44 PM,79.9 F,36.5 F,21 %,SW,5.4 mph,5.4 mph,30.29 in,0.00 in,0.00 in,4,243 w/m\xc2\xb2 
"April 5, 2016",3:50 PM,79.5 F,34.9 F,20 %,South,3.1 mph,5.4 mph,30.28 in,0.00 in,0.00 in,3,232 w/m\xc2\xb2 
"April 5, 2016",3:56 PM,80.2 F,36.7 F,21 %,NE,2.2 mph,4.5 mph,30.29 in,0.00 in,0.00 in,3,223 w/m\xc2\xb2 
"April 5, 2016",4:02 PM,80.4 F,36.9 F,21 %,SW,5.4 mph,6.9 mph,30.28 in,0.00 in,0.00 in,3,213 w/m\xc2\xb2 
"April 5, 2016",4:08 PM,79.7 F,37.6 F,22 %,NE,4.5 mph,4.5 mph,30.28 in,0.00 in,0.00 in,3,196 w/m\xc2\xb2 
"April 5, 2016",4:14 PM,80.8 F,36.0 F,20 %,West,2.2 mph,2.2 mph,30.29 in,0.00 in,0.00 in,3,182 w/m\xc2\xb2 
"April 5, 2016",4:20 PM,80.8 F,36.0 F,20 %,SE,8.3 mph,8.3 mph,30.29 in,0.00 in,0.00 in,3,172 w/m\xc2\xb2 
"April 5, 2016",4:25 PM,79.2 F,35.8 F,21 %,South,8.3 mph,8.3 mph,30.29 in,0.00 in,0.00 in,2,157 w/m\xc2\xb2 
"April 5, 2016",4:31 PM,78.6 F,37.8 F,23 %,South,4.5 mph,6.9 mph,30.29 in,0.00 in,0.00 in,2,143 w/m\xc2\xb2 
"April 5, 2016",4:37 PM,78.4 F,37.6 F,23 %,SE,5.4 mph,8.3 mph,30.29 in,0.00 in,0.00 in,2,130 w/m\xc2\xb2 
"April 5, 2016",4:43 PM,77.5 F,36.9 F,23 %,South,3.1 mph,6.0 mph,30.29 in,0.00 in,0.00 in,2,116 w/m\xc2\xb2 
"April 5, 2016",4:49 PM,79.0 F,36.9 F,22 %,NW,2.2 mph,4.5 mph,30.29 in,0.00 in,0.00 in,2,104 w/m\xc2\xb2 
"April 5, 2016",4:55 PM,78.3 F,36.3 F,22 %,NE,3.1 mph,5.4 mph,30.29 in,0.00 in,0.00 in,2,92 w/m\xc2\xb2 
"April 5, 2016",5:01 PM,77.5 F,36.9 F,23 %,North,6.9 mph,6.9 mph,30.29 in,0.00 in,0.00 in,1,82 w/m\xc2\xb2 
"April 5, 2016",5:07 PM,76.5 F,37.0 F,24 %,NE,6.0 mph,9.2 mph,30.30 in,0.00 in,0.00 in,1,74 w/m\xc2\xb2 
"April 5, 2016",5:12 PM,76.1 F,37.8 F,25 %,South,8.3 mph,8.3 mph,30.30 in,0.00 in,0.00 in,1,64 w/m\xc2\xb2 
"April 5, 2016",5:18 PM,75.7 F,37.4 F,25 %,NW,4.5 mph,4.5 mph,30.30 in,0.00 in,0.00 in,1,58 w/m\xc2\xb2 
"April 5, 2016",5:24 PM,75.4 F,37.0 F,25 %,NE,4.5 mph,4.5 mph,30.30 in,0.00 in,0.00 in,1,52 w/m\xc2\xb2 
"April 5, 2016",5:30 PM,74.7 F,37.6 F,26 %,NE,6.0 mph,7.6 mph,30.31 in,0.00 in,0.00 in,1,46 w/m\xc2\xb2 
"April 5, 2016",5:36 PM,73.4 F,37.4 F,27 %,East,4.5 mph,4.5 mph,30.32 in,0.00 in,0.00 in,1,41 w/m\xc2\xb2 
"April 5, 2016",5:42 PM,73.0 F,37.9 F,28 %,SW,4.5 mph,10.7 mph,30.32 in,0.00 in,0.00 in,1,17 w/m\xc2\xb2 
"April 5, 2016",5:48 PM,70.7 F,37.8 F,30 %,South,6.0 mph,6.0 mph,30.32 in,0.00 in,0.00 in,1,13 w/m\xc2\xb2 
"April 5, 2016",5:54 PM,69.3 F,38.8 F,33 %,South,8.3 mph,8.3 mph,30.33 in,0.00 in,0.00 in,0,8 w/m\xc2\xb2 
"April 5, 2016",5:59 PM,68.9 F,38.7 F,33 %,West,7.6 mph,7.6 mph,30.33 in,0.00 in,0.00 in,0,5 w/m\xc2\xb2 
"April 5, 2016",6:05 PM,68.4 F,38.8 F,34 %,South,5.4 mph,5.4 mph,30.34 in,0.00 in,0.00 in,0,2 w/m\xc2\xb2 
"April 5, 2016",6:11 PM,68.0 F,39.4 F,35 %,SW,3.8 mph,8.3 mph,30.34 in,0.00 in,0.00 in,0,0 w/m\xc2\xb2 
"April 5, 2016",6:17 PM,68.0 F,39.4 F,35 %,South,4.5 mph,4.5 mph,30.34 in,0.00 in,0.00 in,0,0 w/m\xc2\xb2 
"April 5, 2016",6:23 PM,67.6 F,39.7 F,36 %,East,4.5 mph,4.5 mph,30.34 in,0.00 in,0.00 in,0,0 w/m\xc2\xb2 
"April 5, 2016",6:29 PM,67.5 F,40.3 F,37 %,East,9.8 mph,9.8 mph,30.34 in,0.00 in,0.00 in,0,0 w/m\xc2\xb2 
"April 5, 2016",6:35 PM,67.3 F,40.8 F,38 %,East,6.0 mph,6.0 mph,30.35 in,0.00 in,0.00 in,0,0 w/m\xc2\xb2 
"April 5, 2016",6:41 PM,67.1 F,40.6 F,38 %,South,4.5 mph,9.8 mph,30.35 in,0.00 in,0.00 in,0,0 w/m\xc2\xb2 
"April 5, 2016",6:46 PM,66.7 F,41.0 F,39 %,NE,2.2 mph,6.0 mph,30.36 in,0.00 in,0.00 in,0,0 w/m\xc2\xb2 
"April 5, 2016",6:52 PM,66.6 F,41.5 F,40 %,NE,5.4 mph,5.4 mph,30.36 in,0.00 in,0.00 in,0,0 w/m\xc2\xb2 
"April 5, 2016",6:58 PM,66.4 F,41.4 F,40 %,SW,5.4 mph,5.4 mph,30.36 in,0.00 in,0.00 in,0,0 w/m\xc2\xb2 
"April 5, 2016",7:04 PM,66.0 F,41.7 F,41 %,NW,11.4 mph,11.4 mph,30.37 in,0.00 in,0.00 in,0,0 w/m\xc2\xb2 
"April 5, 2016",7:10 PM,65.8 F,42.1 F,42 %,NE,4.5 mph,6.9 mph,30.37 in,0.00 in,0.00 in,0,0 w/m\xc2\xb2 
"April 5, 2016",7:16 PM,65.7 F,41.9 F,42 %,South,6.0 mph,6.0 mph,30.37 in,0.00 in,0.00 in,0,0 w/m\xc2\xb2 
"April 5, 2016",7:22 PM,65.5 F,41.7 F,42 %,South,3.1 mph,3.1 mph,30.38 in,0.00 in,0.00 in,0,0 w/m\xc2\xb2 
"April 5, 2016",7:27 PM,65.3 F,41.5 F,42 %,SW,3.1 mph,3.8 mph,30.38 in,0.00 in,0.00 in,0,0 w/m\xc2\xb2 
"April 5, 2016",7:33 PM,65.1 F,42.1 F,43 %,South,3.1 mph,6.0 mph,30.38 in,0.00 in,0.00 in,0,0 w/m\xc2\xb2 
"April 5, 2016",7:39 PM,64.9 F,41.9 F,43 %,East,3.1 mph,3.8 mph,30.38 in,0.00 in,0.00 in,0,0 w/m\xc2\xb2 
"April 5, 2016",7:45 PM,64.6 F,41.5 F,43 %,East,2.2 mph,3.1 mph,30.38 in,0.00 in,0.00 in,0,0 w/m\xc2\xb2 
"April 5, 2016",7:51 PM,64.4 F,41.4 F,43 %,SW,6.0 mph,6.0 mph,30.38 in,0.00 in,0.00 in,0,0 w/m\xc2\xb2 
"April 5, 2016",7:57 PM,64.4 F,41.4 F,43 %,SW,4.5 mph,4.5 mph,30.38 in,0.00 in,0.00 in,0,0 w/m\xc2\xb2 
"April 5, 2016",8:03 PM,64.2 F,40.6 F,42 %,SW,6.9 mph,6.9 mph,30.38 in,0.00 in,0.00 in,0,0 w/m\xc2\xb2 
"April 5, 2016",8:09 PM,64.2 F,41.2 F,43 %,East,2.2 mph,4.5 mph,30.38 in,0.00 in,0.00 in,0,0 w/m\xc2\xb2 
"April 5, 2016",8:14 PM,64.0 F,41.2 F,43 %,SE,2.2 mph,5.4 mph,30.39 in,0.00 in,0.00 in,0,0 w/m\xc2\xb2 
"April 5, 2016",8:20 PM,63.7 F,41.4 F,44 %,SE,3.8 mph,4.5 mph,30.39 in,0.00 in,0.00 in,0,0 w/m\xc2\xb2 
"April 5, 2016",8:26 PM,63.5 F,41.2 F,44 %,SW,2.2 mph,3.1 mph,30.39 in,0.00 in,0.00 in,0,0 w/m\xc2\xb2 
"April 5, 2016",8:32 PM,63.3 F,41.5 F,45 %,SSW,5.4 mph,5.4 mph,30.39 in,0.00 in,0.00 in,0,0 w/m\xc2\xb2 
"April 5, 2016",8:38 PM,63.1 F,41.5 F,45 %,North,3.8 mph,3.8 mph,30.39 in,0.00 in,0.00 in,0,0 w/m\xc2\xb2 
"April 5, 2016",8:44 PM,63.0 F,41.4 F,45 %,NW,0.7 mph,3.8 mph,30.40 in,0.00 in,0.00 in,0,0 w/m\xc2\xb2 
"April 5, 2016",8:50 PM,62.8 F,41.7 F,46 %,SW,3.1 mph,3.1 mph,30.40 in,0.00 in,0.00 in,0,0 w/m\xc2\xb2 
"April 5, 2016",8:56 PM,62.4 F,42.4 F,48 %,SE,4.5 mph,4.5 mph,30.40 in,0.00 in,0.00 in,0,0 w/m\xc2\xb2 
"April 5, 2016",9:01 PM,62.2 F,42.8 F,49 %,SE,3.8 mph,4.5 mph,30.40 in,0.00 in,0.00 in,0,0 w/m\xc2\xb2 
"April 5, 2016",9:07 PM,62.1 F,42.6 F,49 %,SW,1.6 mph,3.1 mph,30.40 in,0.00 in,0.00 in,0,0 w/m\xc2\xb2 
"April 5, 2016",9:13 PM,61.7 F,42.3 F,49 %,North,0.7 mph,2.2 mph,30.40 in,0.00 in,0.00 in,0,0 w/m\xc2\xb2 
"April 5, 2016",9:19 PM,61.7 F,42.3 F,49 %,SE,3.1 mph,3.1 mph,30.40 in,0.00 in,0.00 in,0,0 w/m\xc2\xb2 
"April 5, 2016",9:25 PM,61.7 F,42.3 F,49 %,West,1.6 mph,3.1 mph,30.41 in,0.00 in,0.00 in,0,0 w/m\xc2\xb2 
"April 5, 2016",9:31 PM,61.7 F,42.8 F,50 %,SW,1.6 mph,1.6 mph,30.41 in,0.00 in,0.00 in,0,0 w/m\xc2\xb2 
"April 5, 2016",9:37 PM,61.7 F,42.8 F,50 %,SE,3.1 mph,3.1 mph,30.41 in,0.00 in,0.00 in,0,0 w/m\xc2\xb2 
"April 5, 2016",9:43 PM,61.7 F,42.3 F,49 %,West,2.2 mph,2.2 mph,30.41 in,0.00 in,0.00 in,0,0 w/m\xc2\xb2 
"April 5, 2016",9:54 PM,61.2 F,42.4 F,50 %,NE,0.7 mph,0.7 mph,30.41 in,0.00 in,0.00 in,0,0 w/m\xc2\xb2 
"April 5, 2016",10:00 PM,60.4 F,42.3 F,51 %,SW,0.7 mph,0.7 mph,30.41 in,0.00 in,0.00 in,0,0 w/m\xc2\xb2 
"April 5, 2016",10:06 PM,60.1 F,41.9 F,51 %,South,1.6 mph,1.6 mph,30.41 in,0.00 in,0.00 in,0,0 w/m\xc2\xb2 
"April 5, 2016",10:12 PM,59.7 F,42.1 F,52 %,SW,1.6 mph,1.6 mph,30.41 in,0.00 in,0.00 in,0,0 w/m\xc2\xb2 
"April 5, 2016",10:18 PM,59.7 F,42.1 F,52 %,SW,0.7 mph,0.7 mph,30.41 in,0.00 in,0.00 in,0,0 w/m\xc2\xb2 
"April 5, 2016",10:24 PM,59.4 F,42.3 F,53 %,SW,2.2 mph,2.2 mph,30.41 in,0.00 in,0.00 in,0,0 w/m\xc2\xb2 
"April 5, 2016",10:30 PM,59.2 F,42.1 F,53 %,South,0.7 mph,1.6 mph,30.42 in,0.00 in,0.00 in,0,0 w/m\xc2\xb2 
"April 5, 2016",10:35 PM,59.2 F,42.1 F,53 %,SE,0.7 mph,3.8 mph,30.41 in,0.00 in,0.00 in,0,0 w/m\xc2\xb2 
"April 5, 2016",10:47 PM,59.0 F,41.9 F,53 %,South,1.6 mph,3.1 mph,30.41 in,0.00 in,0.00 in,0,0 w/m\xc2\xb2 
"April 5, 2016",10:53 PM,59.0 F,41.9 F,53 %,South,3.1 mph,3.1 mph,30.42 in,0.00 in,0.00 in,0,0 w/m\xc2\xb2 
"April 5, 2016",10:59 PM,58.8 F,42.3 F,54 %,West,2.2 mph,3.1 mph,30.42 in,0.00 in,0.00 in,0,0 w/m\xc2\xb2 
"April 5, 2016",11:05 PM,59.0 F,41.9 F,53 %,West,3.1 mph,3.1 mph,30.41 in,0.00 in,0.00 in,0,0 w/m\xc2\xb2 
"April 5, 2016",11:11 PM,58.8 F,42.6 F,55 %,West,2.2 mph,2.2 mph,30.42 in,0.00 in,0.00 in,0,0 w/m\xc2\xb2 
"April 5, 2016",11:17 PM,58.6 F,42.4 F,55 %,North,3.1 mph,3.8 mph,30.42 in,0.00 in,0.00 in,0,0 w/m\xc2\xb2 
"April 5, 2016",11:22 PM,58.6 F,42.4 F,55 %,NE,1.6 mph,3.1 mph,30.42 in,0.00 in,0.00 in,0,0 w/m\xc2\xb2 
"April 5, 2016",11:28 PM,58.6 F,42.1 F,54 %,SW,0.7 mph,0.7 mph,30.41 in,0.00 in,0.00 in,0,0 w/m\xc2\xb2 
"April 5, 2016",11:34 PM,58.6 F,42.4 F,55 %,NE,3.8 mph,3.8 mph,30.41 in,0.00 in,0.00 in,0,0 w/m\xc2\xb2 
"April 5, 2016",11:46 PM,58.6 F,42.4 F,55 %,North,1.6 mph,2.2 mph,30.42 in,0.00 in,0.00 in,0,0 w/m\xc2\xb2 
"April 5, 2016",11:52 PM,58.5 F,42.4 F,55 %,NW,3.1 mph,3.1 mph,30.41 in,0.00 in,0.00 in,0,0 w/m\xc2\xb2 
